<?xml version="1.0" encoding="UTF-8" ?>  
<!DOCTYPE mapper PUBLIC "-//mybatis.org//DTD Mapper 3.0//EN"  
"http://mybatis.org/dtd/mybatis-3-mapper.dtd">  
<mapper namespace="com.study.dao.ResourcesDao">  
		
	<select id="resourcesListWithRole" parameterType="int" resultType="com.study.model.RResources">
		SELECT re.id,re.name,re.parentId,re.resUrl,re.type,re.resKey,
		(CASE WHEN EXISTS(SELECT 1 
		FROM t_role_resources rr WHERE rr.resourcesId=re.id AND rr.roleId=#{rid})
		THEN 'true' ELSE 'false' END) AS checked
		FROM t_resources re
		WHERE re.parentId !=0
		ORDER BY re.sort ASC
	</select>	
	
	<select id="queryAll" parameterType="com.study.model.Resources" resultType="com.study.model.Resources">
		SELECT id,name,parentId,resUrl,resKey,type,sort 
		FROM t_resources
		ORDER BY sort ASC  
	</select>
	
	<insert id="addEntity" parameterType="com.study.model.Resources">
		INSERT INTO t_resources(name,parentId,resUrl,type,sort,resKey) VALUES(#{name},#{parentId},#{resUrl},#{type},#{sort},#{resKey})
	</insert>

	<delete id="deleteEntity" parameterType="int">
		DELETE FROM t_resources WHERE id = #{id}
	</delete>
	
	<select id="loadMenu" parameterType="com.study.model.Resources" resultType="com.study.model.Resources">
		SELECT re.id,re.name,re.parentId,re.resUrl,re.resKey,u.username   
		FROM t_resources re,t_role_resources rr,t_user_role ur,t_user u
		WHERE re.id = rr.resourcesId AND rr.roleId = ur.roleId
		AND ur.userId =u.id 
		<if test="username != null and username != ''">
			AND u.username=#{username}
		</if>
		<if test="type != null">
			AND re.type= #{type} 
		</if>
		<if test="resUrl != null and resUrl != ''">
			AND re.resUrl= #{resUrl}
		</if>
		GROUP BY re.id
		ORDER BY re.sort ASC
	</select>
</mapper> 