<?xml version="1.0" encoding="UTF-8" ?>  
<!DOCTYPE mapper PUBLIC "-//mybatis.org//DTD Mapper 3.0//EN"  
"http://mybatis.org/dtd/mybatis-3-mapper.dtd">  
<mapper namespace="com.study.dao.RoleDao">  

	<select id="queryRoleListWithUser" parameterType="int" resultType="com.study.model.URole">
		SELECT r.id,r.roleDesc,r.roleKey,
		(CASE WHEN (SELECT ur.roleId FROM t_user_role ur WHERE ur.userId= #{id} AND ur.roleId = r.id) THEN 1 ELSE 0 END) AS selected 
		FROM t_role r 
	</select>
	
	<select id="queryAll" parameterType="com.study.model.Role" resultType="com.study.model.Role">
		SELECT id,roleDesc,roleKey FROM t_role where 1 = 1
		ORDER BY id ASC
	</select>
	
	<delete id="deleteRoleResources" parameterType="int">
		DELETE FROM t_role_resources WHERE roleId =#{id}
	</delete>
	
	<insert id="addRoleResources" parameterType="com.study.model.RoleResources">
		INSERT INTO t_role_resources(roleId,resourcesId) VALUES (#{roleId},#{resourcesId})
	</insert>
	
	<insert id="addEntity" parameterType="com.study.model.Role">
		INSERT INTO t_role(roleDesc,roleKey) VALUES (#{roleDesc},#{roleKey})
	</insert>
	
	<delete id="deleteEntity" parameterType="int">
		DELETE FROM t_role WHERE id = #{id}
	</delete>
	
	<update id="editEntity" parameterType="com.study.model.Role">
		UPDATE t_role
		SET roleDesc = #{roleDesc}
		WHERE id=#{id}
	</update>
</mapper> 